School Name,Panchayat,Class 6 Boys,Class 6 Girls,Class 6 Total,Class 7 Boys,Class 7 Girls,Class 7 Total,Class 8 Boys,Class 8 Girls,Class 8 Total
BASE PUBLIC SCHOOL,Bagalbari,0,0,0,0,0,0,0,0,0
MADARSA ITTEHADUL MUSLEMIN  RAHMAT PARA,Bagalbari,12,19,31,13,8,21,15,8,23
MADARSA SALIMIA MASJIDGARH,Bagalbari,0,3,3,3,2,5,2,2,4
MADARSA WAHIDIYA CHARAIYA,Bagalbari,11,15,26,3,9,12,0,7,7
MADRASA NURUL ULOOM BISANPUR DORIA,Bagalbari,12,6,18,5,5,10,14,11,25
NPS BAGALBARI HAATTOLA,Bagalbari,0,0,0,0,0,0,0,0,0
"NPS BASTAKOLA, PURAB  MOUJABARI GHATT",Bagalbari,0,0,0,0,0,0,0,0,0
NPS MASJIDGARH  POKHAR KONA,Bagalbari,0,0,0,0,0,0,0,0,0
PS BAIRBANNA,Bagalbari,0,0,0,0,0,0,0,0,0
PS BASTAKOLA BEP,Bagalbari,0,0,0,0,0,0,0,0,0
PS CHARAIYA,Bagalbari,0,0,0,0,0,0,0,0,0
PS DORIA,Bagalbari,0,0,0,0,0,0,0,0,0
SONA DEVI PS BAGALBARI  UTTARTOLA,Bagalbari,0,0,0,0,0,0,0,0,0
"UCHH MADHYAMIK VIDYALAY, BAGAL BARI",Bagalbari,0,0,0,0,0,0,0,0,0
UMS BAGALBARI,Bagalbari,27,37,64,49,40,89,26,30,56
UMS BARAHMASIA,Bagalbari,21,26,47,20,42,62,20,30,50
UMS MASJIDGARH,Bagalbari,13,9,22,12,19,31,18,17,35
UMS SINGHIA CHAKANDRA,Bagalbari,0,0,0,0,0,0,0,0,0
MADARSA TALIMUL QURAN BARIJAN DURGAPUR,Barizan Pothimari Zagir,3,5,8,10,8,18,3,6,9
MADRASA DARULULOOM  GOUSIYA RUHIYA SATBHITA,Barizan Pothimari Zagir,8,9,17,3,3,6,12,10,22
MADRASA IMDADUL MUSLEMIN BARIJAN,Barizan Pothimari Zagir,22,21,43,13,37,50,18,25,43
MS BARI JAN,Barizan Pothimari Zagir,51,69,120,32,24,56,50,68,118
NPS MALITOLA BARIJAN,Barizan Pothimari Zagir,0,0,0,0,0,0,0,0,0
NPS PACK TOLA BARIJAN,Barizan Pothimari Zagir,0,0,0,0,0,0,0,0,0
NPS SATBHITTA PURABTOLA,Barizan Pothimari Zagir,0,0,0,0,0,0,0,0,0
PA NEPLIP TOLA SATBHITTA,Barizan Pothimari Zagir,0,0,0,0,0,0,0,0,0
PS DURGAPUR,Barizan Pothimari Zagir,0,0,0,0,0,0,0,0,0
PS DURGAPUR UTTAR TOLA B.E.P,Barizan Pothimari Zagir,0,0,0,0,0,0,0,0,0
PS JHANGI DIGHI,Barizan Pothimari Zagir,0,0,0,0,0,0,0,0,0
PS PARMUKH TOLA RUHIYA,Barizan Pothimari Zagir,0,0,0,0,0,0,0,0,0
PS POTHI MARI,Barizan Pothimari Zagir,0,0,0,0,0,0,0,0,0
QURTUBA SCHOOL,Barizan Pothimari Zagir,41,0,41,31,0,31,27,0,27
UCHH MADHYAMIK VIDYALAY BARI JAN,Barizan Pothimari Zagir,0,0,0,0,0,0,0,0,0
UMS POTHI MARI JAGIR,Barizan Pothimari Zagir,0,0,0,0,0,0,0,0,0
UMS RUHIYA,Barizan Pothimari Zagir,20,18,38,16,18,34,16,20,36
UMS SATBHITTA,Barizan Pothimari Zagir,11,12,23,11,12,23,6,10,16
BADAR PUBLIC SCHOOL,Bualdah,0,0,0,0,0,0,0,0,0
MADARSATUL BANAT GARIB NAWAZ TOOPAMARI,Bualdah,2,5,7,3,9,12,8,14,22
MADRASA ISLAMIA SIRAJIA ANARKALI,Bualdah,14,11,25,10,12,22,10,17,27
MADRASA MAZIDUL ISLAM,Bualdah,11,10,21,3,6,9,2,1,3
MADRASA ZIAUL ULOOM NARKALIHAT,Bualdah,10,2,12,8,2,10,0,0,0
NPS MANDIR TOLA  ANARKALI,Bualdah,0,0,0,0,0,0,0,0,0
NPS PATHARBASTI TALBARI,Bualdah,0,0,0,0,0,0,0,0,0
P.S BUALDAH NADIPAR,Bualdah,0,0,0,0,0,0,0,0,0
PS MIRZA BAGH,Bualdah,0,0,0,0,0,0,0,0,0
"UCHH MADHYAMIK VIDYALAY, BUALDAH",Bualdah,0,0,0,0,0,0,0,0,0
UMS ANARKALI KAJALA MANI,Bualdah,19,28,47,8,10,18,18,19,37
UMS BUALDAH,Bualdah,26,29,55,24,25,49,27,38,65
UMS NEEMBASTI TUPAMARI,Bualdah,15,11,26,13,12,25,9,10,19
UMS TALBARI TUPAMARI,Bualdah,19,21,40,9,25,34,0,0,0
UMS TUPAMARI EAST,Bualdah,4,5,9,6,2,8,1,1,2
MADARSA DARUL HUDA MOUZA BARI,Deramari,15,19,34,1,14,15,0,12,12
MADARSA ITEHADUL MUSLEMIN BABHANGAWN,Deramari,6,9,15,16,3,19,10,7,17
MS DHANPURA,Deramari,0,0,0,0,0,0,0,0,0
MS MOHAN MARI,Deramari,53,76,129,51,68,119,49,52,101
NPS KARAIBARI SANTHAL TOLA,Deramari,0,0,0,0,0,0,0,0,0
P.S. DERAMARI ESTATE,Deramari,0,0,0,0,0,0,0,0,0
PARADISE PUBLIC SCHOOL,Deramari,1,3,4,0,0,0,3,1,4
PS DERA MARI,Deramari,0,0,0,0,0,0,0,0,0
PS DHANPURA PURAB TOLA,Deramari,0,0,0,0,0,0,0,0,0
PS GWALDANGI,Deramari,0,0,0,0,0,0,0,0,0
PS KHOPIYAPAR,Deramari,0,0,0,0,0,0,0,0,0
SHAMS REZA PUBLIC SCHOOL,Deramari,2,0,2,4,2,6,8,3,11
UCHH MADHYAMIK VIDYALAY DHANPURA,Deramari,0,0,0,0,0,0,0,0,0
UMS BABHANGAWN,Deramari,23,23,46,11,15,26,18,8,26
UMS KASHI BARI SANTHAL TOLA,Deramari,28,18,46,17,12,29,16,20,36
UMS MAUJA BARI,Deramari,46,33,79,30,25,55,10,25,35
GOLDEN PUBLIC SCHOOL,Kamalpur,18,12,30,14,7,21,15,9,24
JAMRUD HASNAIN URDU GIRLS PRIMARY SHOOL AITA,Kamalpur,0,0,0,0,0,0,0,0,0
"KARKUN LAL MHIGH SCHOOL,SONTHA",Kamalpur,0,0,0,0,0,0,0,0,0
MADARSA ISLAHUL MUSLEMEEN ALTA,Kamalpur,18,12,30,9,4,13,2,5,7
MADARSA ITTHADIYA BURHIMARI,Kamalpur,37,26,63,14,9,23,4,3,7
MADARSA KARIMIA KAMALPUR,Kamalpur,8,11,19,10,13,23,7,11,18
MADARSA MUJFFRUL ISLAM KALANAJIN MANSURA,Kamalpur,23,28,51,8,14,22,8,5,13
MADRASA HIFAZATUL ISLAM KASHIBARI,Kamalpur,19,28,47,10,16,26,5,7,12
MS ALTA HAT,Kamalpur,28,40,68,26,28,54,21,35,56
NPS KAMALPUR RAZBANSI TOLA,Kamalpur,0,0,0,0,0,0,0,0,0
NPS KASHIBARI,Kamalpur,0,0,0,0,0,0,0,0,0
NPS MOTIPUR,Kamalpur,0,0,0,0,0,0,0,0,0
PS BUDHIMARI,Kamalpur,0,0,0,0,0,0,0,0,0
PS KAMALPUR,Kamalpur,0,0,0,0,0,0,0,0,0
PS KAMALPUR PURAB TOLA,Kamalpur,0,0,0,0,0,0,0,0,0
PS KASHI BARI,Kamalpur,0,0,0,0,0,0,0,0,0
SHAUKAT ALI NPS NAYEEM TOLA KASHIBARI,Kamalpur,0,0,0,0,0,0,0,0,0
U.M.S BUDHIMARI PACHIM BHAG,Kamalpur,18,17,35,27,23,50,12,24,36
UMS BHOPLA,Kamalpur,21,25,46,14,13,27,11,4,15
UMS DAKO PARA,Kamalpur,56,47,103,33,66,99,19,33,52
UMS KALANAGIN,Kamalpur,14,8,22,11,12,23,12,9,21
UMS KASHIBARI KARBALLA,Kamalpur,12,19,31,11,13,24,8,17,25
UMS KAUA URA,Kamalpur,19,20,39,10,11,21,15,13,28
MADARSA HIFZUL AQUE DUL HAQQUA KANHIYABARI,Mazgama,0,0,0,15,1,16,42,65,107
MADARSA SHARFULULUM NURPUR MAHIYARPUR,Mazgama,3,6,9,4,4,8,5,4,9
MODERN ACADEMY,Mazgama,1,1,2,0,1,1,0,3,3
MODERN PUBLIC SCHOOL,Mazgama,9,6,15,8,2,10,6,8,14
MS KANHAIYABARI,Mazgama,0,0,0,0,0,0,0,0,0
NPS DAKSHINTOLA RANGAMANI,Mazgama,0,0,0,0,0,0,0,0,0
NPS MAJGAMA DAKSHIN TOLA,Mazgama,0,0,0,0,0,0,0,0,0
UCHH MADHYAMIK VIDYALAY KANHAIYABARI,Mazgama,0,0,0,0,0,0,0,0,0
UMS DINGSOL,Mazgama,10,14,24,8,5,13,8,10,18
UMS MAHIYAR PUR,Mazgama,30,20,50,21,24,45,7,10,17
UMS MAJGAMA,Mazgama,32,38,70,7,18,25,3,7,10
UMS MAJGAMA TOLA KASHIBARI,Mazgama,23,22,45,21,19,40,5,10,15
UMS PARIHALPUR,Mazgama,0,0,0,0,0,0,0,0,0
UMS RANGAMANI,Mazgama,15,23,38,22,27,49,19,10,29
MADARSA CHAMANE MUSTAFA TEGHARIA,Tegharia,28,18,46,14,16,30,10,6,16
MADARSA MADARSATUL QUARAN DHANPURA,Tegharia,7,12,19,3,1,4,2,1,3
MADARSA MAHBOOBIA HATGACHHI GAURAMANI,Tegharia,0,0,0,0,0,0,0,0,0
MADARSA MUFIDUL ISLAM TEGHARIA,Tegharia,4,11,15,8,5,13,6,5,11
NPS BIRUWA CHURA KUTTI,Tegharia,0,0,0,0,0,0,0,0,0
PS DAKSHINTOLA TEGHARIA,Tegharia,0,0,0,0,0,0,0,0,0
PS HARUWA DANGA,Tegharia,0,0,0,0,0,0,0,0,0
PS HATGACHHI GORAMANI,Tegharia,0,0,0,0,0,0,0,0,0
PS NAZIRTOLA GORAMANI,Tegharia,0,0,0,0,0,0,0,0,0
PS PURABTOLA HARWADANGA,Tegharia,0,0,0,0,0,0,0,0,0
PS UTTARTOLA TEGHARIA,Tegharia,0,0,0,0,0,0,0,0,0
"UCHH MADHYAMIK VIDYALAY, TEGHARIA",Tegharia,0,0,0,0,0,0,0,0,0
UMS ALTABARI KHURD,Tegharia,23,23,46,14,15,29,22,28,50
UMS BAHICHA KUTTI,Tegharia,26,41,67,21,31,52,17,25,42
UMS CHURA KUTTI,Tegharia,6,12,18,7,10,17,10,6,16
UMS GAURAMANI,Tegharia,17,24,41,22,30,52,18,37,55
UMS TEGHARIA,Tegharia,20,25,45,7,25,32,13,28,41
