School Name,Panchayat,Block,Management,Class From,Class To,Class 9 Boys 2023-24,Class 9 Girls 2023-24,Class 9 Total 2023-24,Class 10 Boys 2023-24,Class 10 Girls 2023-24,Class 10 Total 2023-24,Class 9 Boys 2024-25,Class 9 Girls 2024-25,Class 9 Total 2024-25,Class 10 Boys 2024-25,Class 10 Girls 2024-25,Class 10 Total 2024-25,2023-24 Data Reported,2024-25 Data Reported,"Dropout Boys (Cl.9 -> Cl.10, 2024-25)","Dropout Girls (Cl.9 -> Cl.10, 2024-25)","Dropout Total (Cl.9 -> Cl.10, 2024-25)","Dropout Rate % (Cl.9 -> Cl.10, 2024-25)","SSLC Passout Proxy (Class 10 Total, 2024-25)"
BASE PUBLIC SCHOOL,Bagalbari,KOCHADHAMAN,Pvt. Unaided (Recognized),1,8,0,0,0,0,0,0,0,0,0,0,0,0,True,False,0,0,0,,0
MADARSA ITTEHADUL MUSLEMIN  RAHMAT PARA,Bagalbari,KOCHADHAMAN,Madarsa Private Unaided(Recognized),1,8,0,0,0,0,0,0,0,0,0,0,0,0,False,True,0,0,0,,0
MADARSA SALIMIA MASJIDGARH,Bagalbari,KOCHADHAMAN,Madarsa Private Unaided(Recognized),1,8,0,0,0,0,0,0,0,0,0,0,0,0,False,True,0,0,0,,0
MADARSA WAHIDIYA CHARAIYA,Bagalbari,KOCHADHAMAN,Madarsa Private Unaided(Recognized),1,8,0,0,0,0,0,0,0,0,0,0,0,0,False,True,0,0,0,,0
MADRASA NURUL ULOOM BISANPUR DORIA,Bagalbari,KOCHADHAMAN,Madarsa Private Unaided(Recognized),1,8,0,0,0,0,0,0,0,0,0,0,0,0,False,True,0,0,0,,0
NPS BAGALBARI HAATTOLA,Bagalbari,KOCHADHAMAN,Department of Education,1,5,0,0,0,0,0,0,0,0,0,0,0,0,False,True,0,0,0,,0
"NPS BASTAKOLA, PURAB  MOUJABARI GHATT",Bagalbari,KOCHADHAMAN,Department of Education,1,5,0,0,0,0,0,0,0,0,0,0,0,0,True,False,0,0,0,,0
NPS MASJIDGARH  POKHAR KONA,Bagalbari,KOCHADHAMAN,Department of Education,1,5,0,0,0,0,0,0,0,0,0,0,0,0,False,True,0,0,0,,0
PS BAIRBANNA,Bagalbari,KOCHADHAMAN,Department of Education,1,5,0,0,0,0,0,0,0,0,0,0,0,0,False,True,0,0,0,,0
PS BASTAKOLA BEP,Bagalbari,KOCHADHAMAN,Department of Education,1,5,0,0,0,0,0,0,0,0,0,0,0,0,False,True,0,0,0,,0
PS CHARAIYA,Bagalbari,KOCHADHAMAN,Department of Education,1,5,0,0,0,0,0,0,0,0,0,0,0,0,False,True,0,0,0,,0
PS DORIA,Bagalbari,KOCHADHAMAN,Department of Education,1,5,0,0,0,0,0,0,0,0,0,0,0,0,False,True,0,0,0,,0
SONA DEVI PS BAGALBARI  UTTARTOLA,Bagalbari,KOCHADHAMAN,Department of Education,1,5,0,0,0,0,0,0,0,0,0,0,0,0,False,True,0,0,0,,0
"UCHH MADHYAMIK VIDYALAY, BAGAL BARI",Bagalbari,KOCHADHAMAN,Department of Education,9,12,0,0,0,0,0,0,41,81,122,27,56,83,False,True,14,25,39,31.967213114754102,83
UMS BAGALBARI,Bagalbari,KOCHADHAMAN,Department of Education,1,8,0,0,0,0,0,0,0,0,0,0,0,0,False,True,0,0,0,,0
UMS BARAHMASIA,Bagalbari,KOCHADHAMAN,Department of Education,1,8,0,0,0,0,0,0,0,0,0,0,0,0,False,True,0,0,0,,0
UMS MASJIDGARH,Bagalbari,KOCHADHAMAN,Department of Education,1,8,0,0,0,0,0,0,0,0,0,0,0,0,False,True,0,0,0,,0
UMS SINGHIA CHAKANDRA,Bagalbari,KOCHADHAMAN,Department of Education,1,8,0,0,0,0,0,0,0,0,0,0,0,0,True,False,0,0,0,,0
MADARSA TALIMUL QURAN BARIJAN DURGAPUR,Barijan,KOCHADHAMAN,Madarsa Private Unaided(Recognized),1,8,0,0,0,0,0,0,0,0,0,0,0,0,False,True,0,0,0,,0
MADRASA DARULULOOM  GOUSIYA RUHIYA SATBHITA,Barijan,KOCHADHAMAN,Madarsa Private Unaided(Recognized),1,8,0,0,0,0,0,0,0,0,0,0,0,0,False,True,0,0,0,,0
MADRASA IMDADUL MUSLEMIN BARIJAN,Barijan,KOCHADHAMAN,Madarsa Private Unaided(Recognized),1,8,0,0,0,0,0,0,0,0,0,0,0,0,False,True,0,0,0,,0
MS BARI JAN,Barijan,KOCHADHAMAN,Department of Education,1,8,0,0,0,0,0,0,0,0,0,0,0,0,False,True,0,0,0,,0
NPS MALITOLA BARIJAN,Barijan,KOCHADHAMAN,Department of Education,1,5,0,0,0,0,0,0,0,0,0,0,0,0,False,True,0,0,0,,0
NPS PACK TOLA BARIJAN,Barijan,KOCHADHAMAN,Department of Education,1,5,0,0,0,0,0,0,0,0,0,0,0,0,True,False,0,0,0,,0
NPS SATBHITTA PURABTOLA,Barijan,KOCHADHAMAN,Department of Education,1,5,0,0,0,0,0,0,0,0,0,0,0,0,False,True,0,0,0,,0
PA NEPLIP TOLA SATBHITTA,Barijan,KOCHADHAMAN,Department of Education,1,5,0,0,0,0,0,0,0,0,0,0,0,0,False,True,0,0,0,,0
PS DURGAPUR,Barijan,KOCHADHAMAN,Department of Education,1,5,0,0,0,0,0,0,0,0,0,0,0,0,True,False,0,0,0,,0
PS DURGAPUR UTTAR TOLA B.E.P,Barijan,KOCHADHAMAN,Department of Education,1,5,0,0,0,0,0,0,0,0,0,0,0,0,True,False,0,0,0,,0
PS JHANGI DIGHI,Barijan,KOCHADHAMAN,Department of Education,1,5,0,0,0,0,0,0,0,0,0,0,0,0,False,True,0,0,0,,0
PS PARMUKH TOLA RUHIYA,Barijan,KOCHADHAMAN,Department of Education,1,5,0,0,0,0,0,0,0,0,0,0,0,0,False,True,0,0,0,,0
PS POTHI MARI,Barijan,KOCHADHAMAN,Department of Education,1,5,0,0,0,0,0,0,0,0,0,0,0,0,False,True,0,0,0,,0
QURTUBA SCHOOL,Barijan,KOCHADHAMAN,Pvt. Unaided (Recognized),1,8,0,0,0,0,0,0,0,0,0,0,0,0,False,True,0,0,0,,0
UCHH MADHYAMIK VIDYALAY BARI JAN,Barijan,KOCHADHAMAN,Department of Education,9,12,0,0,0,0,0,0,57,55,112,63,64,127,False,True,-6,-9,-15,-13.392857142857142,127
UMS POTHI MARI JAGIR,Barijan,KOCHADHAMAN,Department of Education,1,8,0,0,0,0,0,0,0,0,0,0,0,0,True,False,0,0,0,,0
UMS RUHIYA,Barijan,KOCHADHAMAN,Department of Education,1,8,0,0,0,0,0,0,0,0,0,0,0,0,False,True,0,0,0,,0
UMS SATBHITTA,Barijan,KOCHADHAMAN,Department of Education,1,8,0,0,0,0,0,0,0,0,0,0,0,0,False,True,0,0,0,,0
BADAR PUBLIC SCHOOL,Bualdah,KOCHADHAMAN,Unrecognized,1,5,0,0,0,0,0,0,0,0,0,0,0,0,True,False,0,0,0,,0
MADARSATUL BANAT GARIB NAWAZ TOOPAMARI,Bualdah,KOCHADHAMAN,Madarsa Private Unaided(Recognized),1,10,0,0,0,0,0,0,2,1,3,0,2,2,False,True,2,-1,1,33.33333333333333,2
MADRASA ISLAMIA SIRAJIA ANARKALI,Bualdah,KOCHADHAMAN,Madarsa Private Unaided(Recognized),1,8,0,0,0,0,0,0,0,0,0,0,0,0,False,True,0,0,0,,0
MADRASA MAZIDUL ISLAM,Bualdah,KOCHADHAMAN,Madarsa Private Unaided(Recognized),1,8,0,0,0,0,0,0,0,0,0,0,0,0,False,True,0,0,0,,0
MADRASA ZIAUL ULOOM NARKALIHAT,Bualdah,KOCHADHAMAN,Madarsa Private Unaided(Recognized),1,8,0,0,0,0,0,0,0,0,0,0,0,0,False,True,0,0,0,,0
NPS MANDIR TOLA  ANARKALI,Bualdah,KOCHADHAMAN,Department of Education,1,5,0,0,0,0,0,0,0,0,0,0,0,0,False,True,0,0,0,,0
NPS PATHARBASTI TALBARI,Bualdah,KOCHADHAMAN,Department of Education,1,5,0,0,0,0,0,0,0,0,0,0,0,0,False,True,0,0,0,,0
P.S BUALDAH NADIPAR,Bualdah,KOCHADHAMAN,Department of Education,1,5,0,0,0,0,0,0,0,0,0,0,0,0,False,True,0,0,0,,0
PS MIRZA BAGH,Bualdah,KOCHADHAMAN,Department of Education,1,5,0,0,0,0,0,0,0,0,0,0,0,0,False,True,0,0,0,,0
"UCHH MADHYAMIK VIDYALAY, BUALDAH",Bualdah,KOCHADHAMAN,Department of Education,9,12,0,0,0,0,0,0,45,40,85,40,50,90,False,True,5,-10,-5,-5.88235294117647,90
UMS ANARKALI KAJALA MANI,Bualdah,KOCHADHAMAN,Department of Education,1,8,0,0,0,0,0,0,0,0,0,0,0,0,False,True,0,0,0,,0
UMS BUALDAH,Bualdah,KOCHADHAMAN,Department of Education,1,8,0,0,0,0,0,0,0,0,0,0,0,0,False,True,0,0,0,,0
UMS NEEMBASTI TUPAMARI,Bualdah,KOCHADHAMAN,Department of Education,1,8,0,0,0,0,0,0,0,0,0,0,0,0,False,True,0,0,0,,0
UMS TALBARI TUPAMARI,Bualdah,KOCHADHAMAN,Department of Education,1,8,0,0,0,0,0,0,0,0,0,0,0,0,False,True,0,0,0,,0
UMS TUPAMARI EAST,Bualdah,KOCHADHAMAN,Department of Education,1,8,0,0,0,0,0,0,0,0,0,0,0,0,False,True,0,0,0,,0
MADARSA DARUL HUDA MOUZA BARI,Deramari,KOCHADHAMAN,Madarsa Private Unaided(Recognized),1,8,0,0,0,0,0,0,0,0,0,0,0,0,False,True,0,0,0,,0
MADARSA ITEHADUL MUSLEMIN BABHANGAWN,Deramari,KOCHADHAMAN,Madarsa Private Unaided(Recognized),1,8,0,0,0,0,0,0,0,0,0,0,0,0,False,True,0,0,0,,0
MS DHANPURA,Deramari,KOCHADHAMAN,Department of Education,1,8,0,0,0,0,0,0,0,0,0,0,0,0,True,False,0,0,0,,0
MS MOHAN MARI,Deramari,KOCHADHAMAN,Department of Education,1,8,0,0,0,0,0,0,0,0,0,0,0,0,False,True,0,0,0,,0
NPS KARAIBARI SANTHAL TOLA,Deramari,KOCHADHAMAN,Department of Education,1,5,0,0,0,0,0,0,0,0,0,0,0,0,False,True,0,0,0,,0
P.S. DERAMARI ESTATE,Deramari,KOCHADHAMAN,Department of Education,1,5,0,0,0,0,0,0,0,0,0,0,0,0,False,True,0,0,0,,0
PARADISE PUBLIC SCHOOL,Deramari,KOCHADHAMAN,Pvt. Unaided (Recognized),1,8,0,0,0,0,0,0,0,0,0,0,0,0,False,True,0,0,0,,0
PS DERA MARI,Deramari,KOCHADHAMAN,Department of Education,1,5,0,0,0,0,0,0,0,0,0,0,0,0,False,True,0,0,0,,0
PS DHANPURA PURAB TOLA,Deramari,KOCHADHAMAN,Department of Education,1,5,0,0,0,0,0,0,0,0,0,0,0,0,False,True,0,0,0,,0
PS GWALDANGI,Deramari,KOCHADHAMAN,Department of Education,1,5,0,0,0,0,0,0,0,0,0,0,0,0,True,False,0,0,0,,0
PS KHOPIYAPAR,Deramari,KOCHADHAMAN,Department of Education,1,5,0,0,0,0,0,0,0,0,0,0,0,0,False,True,0,0,0,,0
SHAMS REZA PUBLIC SCHOOL,Deramari,KOCHADHAMAN,Unrecognized,1,8,0,0,0,0,0,0,0,0,0,0,0,0,False,True,0,0,0,,0
UCHH MADHYAMIK VIDYALAY DHANPURA,Deramari,KOCHADHAMAN,Department of Education,9,12,0,0,0,0,0,0,51,101,152,45,64,109,False,True,6,37,43,28.289473684210524,109
UMS BABHANGAWN,Deramari,KOCHADHAMAN,Department of Education,1,8,0,0,0,0,0,0,0,0,0,0,0,0,False,True,0,0,0,,0
UMS KASHI BARI SANTHAL TOLA,Deramari,KOCHADHAMAN,Department of Education,1,8,0,0,0,0,0,0,0,0,0,0,0,0,False,True,0,0,0,,0
UMS MAUJA BARI,Deramari,KOCHADHAMAN,Department of Education,1,8,0,0,0,0,0,0,0,0,0,0,0,0,False,True,0,0,0,,0
GOLDEN PUBLIC SCHOOL,Kamalpur,KOCHADHAMAN,Pvt. Unaided (Recognized),1,8,0,0,0,0,0,0,0,0,0,0,0,0,False,True,0,0,0,,0
JAMRUD HASNAIN URDU GIRLS PRIMARY SHOOL AITA,Kamalpur,KOCHADHAMAN,Department of Education,1,5,0,0,0,0,0,0,0,0,0,0,0,0,True,False,0,0,0,,0
"KARKUN LAL MHIGH SCHOOL,SONTHA",Kamalpur,KOCHADHAMAN,Department of Education,9,12,82,137,219,149,225,374,0,0,0,0,0,0,True,False,0,0,0,,0
MADARSA ISLAHUL MUSLEMEEN ALTA,Kamalpur,KOCHADHAMAN,Madarsa Private Unaided(Recognized),1,8,0,0,0,0,0,0,0,0,0,0,0,0,False,True,0,0,0,,0
MADARSA ITTHADIYA BURHIMARI,Kamalpur,KOCHADHAMAN,Madarsa Private Unaided(Recognized),1,8,0,0,0,0,0,0,0,0,0,0,0,0,False,True,0,0,0,,0
MADARSA KARIMIA KAMALPUR,Kamalpur,KOCHADHAMAN,Madarsa Private Unaided(Recognized),1,8,0,0,0,0,0,0,0,0,0,0,0,0,False,True,0,0,0,,0
MADARSA MUJFFRUL ISLAM KALANAJIN MANSURA,Kamalpur,KOCHADHAMAN,Madarsa Private Unaided(Recognized),1,8,0,0,0,0,0,0,0,0,0,0,0,0,False,True,0,0,0,,0
MADRASA HIFAZATUL ISLAM KASHIBARI,Kamalpur,KOCHADHAMAN,Madarsa Private Unaided(Recognized),1,12,0,0,0,0,0,0,5,2,7,3,3,6,False,True,2,-1,1,14.285714285714285,6
MS ALTA HAT,Kamalpur,KOCHADHAMAN,Department of Education,1,8,0,0,0,0,0,0,0,0,0,0,0,0,False,True,0,0,0,,0
NPS KAMALPUR RAZBANSI TOLA,Kamalpur,KOCHADHAMAN,Department of Education,1,5,0,0,0,0,0,0,0,0,0,0,0,0,False,True,0,0,0,,0
NPS KASHIBARI,Kamalpur,KOCHADHAMAN,Department of Education,1,5,0,0,0,0,0,0,0,0,0,0,0,0,False,True,0,0,0,,0
NPS MOTIPUR,Kamalpur,KOCHADHAMAN,Department of Education,1,5,0,0,0,0,0,0,0,0,0,0,0,0,True,False,0,0,0,,0
PS BUDHIMARI,Kamalpur,KOCHADHAMAN,Department of Education,1,5,0,0,0,0,0,0,0,0,0,0,0,0,False,True,0,0,0,,0
PS KAMALPUR,Kamalpur,KOCHADHAMAN,Department of Education,1,5,0,0,0,0,0,0,0,0,0,0,0,0,False,True,0,0,0,,0
PS KAMALPUR PURAB TOLA,Kamalpur,KOCHADHAMAN,Department of Education,1,5,0,0,0,0,0,0,0,0,0,0,0,0,False,True,0,0,0,,0
PS KASHI BARI,Kamalpur,KOCHADHAMAN,Department of Education,1,5,0,0,0,0,0,0,0,0,0,0,0,0,False,True,0,0,0,,0
SHAUKAT ALI NPS NAYEEM TOLA KASHIBARI,Kamalpur,KOCHADHAMAN,Department of Education,1,5,0,0,0,0,0,0,0,0,0,0,0,0,False,True,0,0,0,,0
U.M.S BUDHIMARI PACHIM BHAG,Kamalpur,KOCHADHAMAN,Department of Education,1,8,0,0,0,0,0,0,0,0,0,0,0,0,False,True,0,0,0,,0
UMS BHOPLA,Kamalpur,KOCHADHAMAN,Department of Education,1,8,0,0,0,0,0,0,0,0,0,0,0,0,False,True,0,0,0,,0
UMS DAKO PARA,Kamalpur,KOCHADHAMAN,Department of Education,1,8,0,0,0,0,0,0,0,0,0,0,0,0,False,True,0,0,0,,0
UMS KALANAGIN,Kamalpur,KOCHADHAMAN,Department of Education,1,8,0,0,0,0,0,0,0,0,0,0,0,0,False,True,0,0,0,,0
UMS KASHIBARI KARBALLA,Kamalpur,KOCHADHAMAN,Department of Education,1,8,0,0,0,0,0,0,0,0,0,0,0,0,False,True,0,0,0,,0
UMS KAUA URA,Kamalpur,KOCHADHAMAN,Department of Education,1,8,0,0,0,0,0,0,0,0,0,0,0,0,False,True,0,0,0,,0
MADARSA HIFZUL AQUE DUL HAQQUA KANHIYABARI,Majgama,KOCHADHAMAN,Madarsa Private Unaided(Recognized),1,8,0,0,0,0,0,0,0,0,0,0,0,0,False,True,0,0,0,,0
MADARSA SHARFULULUM NURPUR MAHIYARPUR,Majgama,KOCHADHAMAN,Madarsa Private Unaided(Recognized),1,8,0,0,0,0,0,0,0,0,0,0,0,0,False,True,0,0,0,,0
MODERN ACADEMY,Majgama,KOCHADHAMAN,Unrecognized,1,8,0,0,0,0,0,0,0,0,0,0,0,0,False,True,0,0,0,,0
MODERN PUBLIC SCHOOL,Majgama,KOCHADHAMAN,Pvt. Unaided (Recognized),1,8,0,0,0,0,0,0,0,0,0,0,0,0,False,True,0,0,0,,0
MS KANHAIYABARI,Majgama,KOCHADHAMAN,Department of Education,1,8,0,0,0,0,0,0,0,0,0,0,0,0,True,False,0,0,0,,0
NPS DAKSHINTOLA RANGAMANI,Majgama,KOCHADHAMAN,Department of Education,1,5,0,0,0,0,0,0,0,0,0,0,0,0,False,True,0,0,0,,0
NPS MAJGAMA DAKSHIN TOLA,Majgama,KOCHADHAMAN,Department of Education,1,5,0,0,0,0,0,0,0,0,0,0,0,0,False,True,0,0,0,,0
UCHH MADHYAMIK VIDYALAY KANHAIYABARI,Majgama,KOCHADHAMAN,Department of Education,9,12,82,90,172,0,0,0,0,0,0,0,0,0,True,False,0,0,0,,0
UMS DINGSOL,Majgama,KOCHADHAMAN,Department of Education,1,8,0,0,0,0,0,0,0,0,0,0,0,0,False,True,0,0,0,,0
UMS MAHIYAR PUR,Majgama,KOCHADHAMAN,Department of Education,1,8,0,0,0,0,0,0,0,0,0,0,0,0,False,True,0,0,0,,0
UMS MAJGAMA,Majgama,KOCHADHAMAN,Department of Education,1,8,0,0,0,0,0,0,0,0,0,0,0,0,False,True,0,0,0,,0
UMS MAJGAMA TOLA KASHIBARI,Majgama,KOCHADHAMAN,Department of Education,1,8,0,0,0,0,0,0,0,0,0,0,0,0,False,True,0,0,0,,0
UMS PARIHALPUR,Majgama,KOCHADHAMAN,Department of Education,1,8,0,0,0,0,0,0,0,0,0,0,0,0,True,False,0,0,0,,0
UMS RANGAMANI,Majgama,KOCHADHAMAN,Department of Education,1,8,0,0,0,0,0,0,0,0,0,0,0,0,False,True,0,0,0,,0
MADARSA CHAMANE MUSTAFA TEGHARIA,Tegharia,KOCHADHAMAN,Madarsa Private Unaided(Recognized),1,8,0,0,0,0,0,0,0,0,0,0,0,0,False,True,0,0,0,,0
MADARSA MADARSATUL QUARAN DHANPURA,Tegharia,KOCHADHAMAN,Madarsa Private Unaided(Recognized),1,8,0,0,0,0,0,0,0,0,0,0,0,0,False,True,0,0,0,,0
MADARSA MAHBOOBIA HATGACHHI GAURAMANI,Tegharia,KOCHADHAMAN,Madarsa Private Unaided(Recognized),1,8,0,0,0,0,0,0,0,0,0,0,0,0,True,False,0,0,0,,0
MADARSA MUFIDUL ISLAM TEGHARIA,Tegharia,KOCHADHAMAN,Madarsa Private Unaided(Recognized),1,8,0,0,0,0,0,0,0,0,0,0,0,0,False,True,0,0,0,,0
NPS BIRUWA CHURA KUTTI,Tegharia,KOCHADHAMAN,Department of Education,1,5,0,0,0,0,0,0,0,0,0,0,0,0,False,True,0,0,0,,0
PS DAKSHINTOLA TEGHARIA,Tegharia,KOCHADHAMAN,Department of Education,1,5,0,0,0,0,0,0,0,0,0,0,0,0,False,True,0,0,0,,0
PS HARUWA DANGA,Tegharia,KOCHADHAMAN,Department of Education,1,5,0,0,0,0,0,0,0,0,0,0,0,0,False,True,0,0,0,,0
PS HATGACHHI GORAMANI,Tegharia,KOCHADHAMAN,Department of Education,1,5,0,0,0,0,0,0,0,0,0,0,0,0,False,True,0,0,0,,0
PS NAZIRTOLA GORAMANI,Tegharia,KOCHADHAMAN,Department of Education,1,5,0,0,0,0,0,0,0,0,0,0,0,0,False,True,0,0,0,,0
PS PURABTOLA HARWADANGA,Tegharia,KOCHADHAMAN,Department of Education,1,5,0,0,0,0,0,0,0,0,0,0,0,0,False,True,0,0,0,,0
PS UTTARTOLA TEGHARIA,Tegharia,KOCHADHAMAN,Department of Education,1,5,0,0,0,0,0,0,0,0,0,0,0,0,False,True,0,0,0,,0
"UCHH MADHYAMIK VIDYALAY, TEGHARIA",Tegharia,KOCHADHAMAN,Department of Education,9,12,0,0,0,0,0,0,29,47,76,12,21,33,False,True,17,26,43,56.57894736842105,33
UMS ALTABARI KHURD,Tegharia,KOCHADHAMAN,Department of Education,1,8,0,0,0,0,0,0,0,0,0,0,0,0,False,True,0,0,0,,0
UMS BAHICHA KUTTI,Tegharia,KOCHADHAMAN,Department of Education,1,8,0,0,0,0,0,0,0,0,0,0,0,0,False,True,0,0,0,,0
UMS CHURA KUTTI,Tegharia,KOCHADHAMAN,Department of Education,1,8,0,0,0,0,0,0,0,0,0,0,0,0,False,True,0,0,0,,0
UMS GAURAMANI,Tegharia,KOCHADHAMAN,Department of Education,1,8,0,0,0,0,0,0,0,0,0,0,0,0,False,True,0,0,0,,0
UMS TEGHARIA,Tegharia,KOCHADHAMAN,Department of Education,1,8,0,0,0,0,0,0,0,0,0,0,0,0,False,True,0,0,0,,0
